Section,Parameter,Value
I. Publication Details,Paper Title,
I. Publication Details,Authors,
I. Publication Details,Publication Year,
I. Publication Details,Publication Venue,
I. Publication Details,Type of Paper,
II. Research Overview,Core Idea / Contribution,
II. Research Overview,Problem Addressed,
II. Research Overview,Key Findings,
III. Technical Deep Dive,Proposed Method Name,
III. Technical Deep Dive,Architecture,
III. Technical Deep Dive,Video Encoder,
III. Technical Deep Dive,Audio Encoder,
III. Technical Deep Dive,Fusion Mechanism,
III. Technical Deep Dive,Loss Function(s),
IV. Experimental Evaluation,Training Datasets,
IV. Experimental Evaluation,Testing Datasets,
IV. Experimental Evaluation,Evaluation Metrics,
IV. Experimental Evaluation,Accuracy,
IV. Experimental Evaluation,AUC,
IV. Experimental Evaluation,F1-Score,
IV. Experimental Evaluation,Other Results,
V. Efficiency Metrics (PIN-Lite Specific),Model Size (MB),
V. Efficiency Metrics (PIN-Lite Specific),Parameters (M),
V. Efficiency Metrics (PIN-Lite Specific),FLOPs (G),
V. Efficiency Metrics (PIN-Lite Specific),Inference Time (ms),
V. Efficiency Metrics (PIN-Lite Specific),Compression Techniques Used,
V. Efficiency Metrics (PIN-Lite Specific),Edge Deployment Discussed,
VI. Critical Analysis,Strengths,
VI. Critical Analysis,Drawbacks & Limitations,
VI. Critical Analysis,Future Work,
VII. Relevance to PIN-Lite,Comparison Points,
VII. Relevance to PIN-Lite,Key Differences from Our Approach,
VII. Relevance to PIN-Lite,Citation Context,
